id,arr_time,board_from
2869,21:30:12.549677,2
7869,22:18:22.380957,9
