id,arr_time,board_from
2874,21:30:53.203783,2
7871,22:02:20.476191,9
