id,arr_time,board_from
2870,21:29:10.379094,2
2871,21:30:11.603584,2
