id,arr_time,board_from
2863,21:26:17.496183,2
2864,21:27:19.996183,2
2865,21:28:19.996183,2
2866,21:29:21.220673,2
2867,21:30:21.826734,2
3559,21:30:15.126853,3
