id,arr_time,board_from
2875,21:28:36.356593,2
2876,21:29:38.212263,2
2877,21:30:38.818324,2
