id,arr_time,board_from
2869,21:26:22.354852,2
2870,21:27:21.178381,2
2871,21:28:24.336276,2
2872,21:29:24.336276,2
2873,21:30:26.836276,2
3570,21:30:29.803053,3
