id,arr_time,board_from
2867,21:27:13.864104,2
2868,21:28:17.021999,2
2869,21:29:15.845528,2
2870,21:30:18.345528,2
7857,22:09:33.809524,9
14736,22:19:48.095239,18
