id,arr_time,board_from
2869,21:27:33.545093,2
2870,21:28:33.545093,2
2871,21:29:32.368622,2
2872,21:30:30.060930,2
3565,21:30:09.493048,3
