transit_id,stop_1,stop_2,stop_3,stop_4,stop_5,stop_6,stop_7,stop_8,stop_9,stop_10,stop_11,stop_12,stop_13,stop_14,stop_15,stop_16,stop_17,stop_18
1,0.5454545454545454,0.625,0.5,0.625,0.8888888888888888,1.0,0.6,0.5,0.6,0.4,0.6,0.5,0.8571428571428571,0.8333333333333334,0.6363636363636364,0.625,0.875,0.6
2,1.0,1.0,1.0,1.0,1.0,1.0,1.0,1.0,1.0,1.0,1.0,1.0,1.0,1.0,1.0,1.0,1.0,1.0
3,1.0,1.0,1.0,1.0,1.0,1.0,1.0,1.0,1.0,1.0,1.0,1.0,1.0,1.0,1.0,1.0,1.0,1.0
4,1.0,1.0,1.0,1.0,1.0,1.0,1.0,1.0,1.0,1.0,1.0,1.0,1.0,1.0,1.0,1.0,1.0,1.0
5,1.0,1.0,1.0,1.0,1.0,1.0,1.0,1.0,1.0,1.0,1.0,1.0,1.0,1.0,1.0,1.0,1.0,1.0
6,0.0,0.0,0.125,0.125,0.8,0.0,0.2857142857142857,0.4,0.5,0.0,0.0,0.0,0.5,0.2222222222222222,0.0,0.125,0.45454545454545453,0.625
7,0.8,0.6666666666666666,1.0,1.0,1.0,0.7777777777777778,0.8181818181818182,0.8333333333333334,0.8333333333333334,0.8181818181818182,0.9,0.625,0.7777777777777778,0.8888888888888888,0.75,0.7272727272727273,0.8571428571428571,0.8333333333333334
8,1.0,1.0,1.0,1.0,1.0,1.0,1.0,1.0,1.0,1.0,1.0,1.0,1.0,1.0,1.0,1.0,1.0,1.0
9,1.0,0.3333333333333333,0.6,0.5,0.625,1.0,0.75,0.625,0.875,0.9,0.36363636363636365,0.8571428571428571,0.6363636363636364,0.875,0.8571428571428571,0.75,0.8888888888888888,0.5
