transit_id,stop_1,stop_2,stop_3,stop_4,stop_5,stop_6,stop_7,stop_8,stop_9,stop_10,stop_11,stop_12,stop_13,stop_14,stop_15,stop_16,stop_17,stop_18
1,1.0,0.8181818181818182,0.8571428571428571,1.0,0.8571428571428571,0.7142857142857143,0.6666666666666666,1.0,0.7777777777777778,1.0,1.0,0.7,0.7777777777777778,0.9090909090909091,0.6666666666666666,0.75,0.875,0.8333333333333334
2,1.0,1.0,1.0,1.0,1.0,1.0,1.0,1.0,1.0,1.0,1.0,1.0,1.0,1.0,1.0,1.0,1.0,1.0
3,1.0,1.0,1.0,1.0,1.0,1.0,1.0,1.0,1.0,1.0,1.0,1.0,1.0,1.0,1.0,1.0,1.0,1.0
4,1.0,1.0,1.0,1.0,1.0,1.0,1.0,1.0,1.0,1.0,1.0,1.0,1.0,1.0,1.0,1.0,1.0,1.0
5,1.0,1.0,1.0,1.0,1.0,1.0,1.0,1.0,1.0,1.0,1.0,1.0,1.0,1.0,1.0,1.0,1.0,1.0
6,0.1,0.0,0.0,0.09090909090909091,0.16666666666666666,0.0,0.1111111111111111,0.1111111111111111,0.2,0.14285714285714285,0.0,0.0,0.0,0.2222222222222222,0.0,0.14285714285714285,0.3,0.4
7,0.6666666666666666,0.875,0.75,1.0,1.0,1.0,1.0,1.0,1.0,0.875,0.8,0.8333333333333334,1.0,1.0,0.8571428571428571,1.0,1.0,0.8
8,1.0,1.0,1.0,1.0,1.0,1.0,1.0,1.0,1.0,1.0,1.0,1.0,1.0,1.0,1.0,1.0,1.0,1.0
9,0.8571428571428571,0.625,1.0,0.8,0.75,0.9,0.875,0.8888888888888888,0.9166666666666666,1.0,0.5714285714285714,0.8888888888888888,0.7,1.0,1.0,1.0,1.0,0.8
