transit_id,stop_1,stop_2,stop_3,stop_4,stop_5,stop_6,stop_7,stop_8,stop_9,stop_10,stop_11,stop_12,stop_13,stop_14,stop_15,stop_16,stop_17,stop_18
1,0.9,0.8888888888888888,0.7142857142857143,0.7777777777777778,1.0,0.8,0.8,1.0,0.6,0.5714285714285714,1.0,0.7777777777777778,0.8333333333333334,1.0,1.0,0.8333333333333334,0.8333333333333334,0.6666666666666666
2,1.0,1.0,1.0,1.0,1.0,1.0,1.0,1.0,1.0,1.0,1.0,1.0,1.0,1.0,1.0,1.0,1.0,1.0
3,1.0,1.0,1.0,1.0,1.0,1.0,1.0,1.0,1.0,1.0,1.0,1.0,1.0,1.0,1.0,1.0,1.0,1.0
4,1.0,1.0,1.0,1.0,1.0,1.0,1.0,1.0,1.0,1.0,1.0,1.0,1.0,1.0,1.0,1.0,1.0,1.0
5,1.0,1.0,1.0,1.0,1.0,1.0,1.0,1.0,1.0,1.0,1.0,1.0,1.0,1.0,1.0,1.0,1.0,1.0
6,0.0,0.0,0.0,0.0,0.5555555555555556,0.0,0.0,0.3333333333333333,0.375,0.0,0.0,0.0,0.0,0.2857142857142857,0.0,0.0,0.42857142857142855,0.36363636363636365
7,0.5,0.7777777777777778,0.625,0.8,0.75,1.0,1.0,1.0,1.0,1.0,1.0,0.7,1.0,0.9166666666666666,0.875,0.9090909090909091,0.8888888888888888,0.875
8,1.0,1.0,1.0,1.0,1.0,1.0,1.0,1.0,1.0,1.0,1.0,1.0,1.0,1.0,1.0,1.0,1.0,1.0
9,0.5,0.4166666666666667,0.75,0.8181818181818182,0.7142857142857143,1.0,0.7777777777777778,0.75,0.9,0.7,0.6,0.7142857142857143,0.7,0.6666666666666666,0.8333333333333334,0.375,0.75,0.75
