id,arr_time,board_from
2877,21:30:40.537677,2
7858,22:05:30.952381,9
