id,arr_time,board_from
2866,21:29:55.471017,2
2867,21:30:54.294546,2
7870,22:15:45.238098,9
