id,arr_time,board_from
2871,21:27:36.975497,2
2872,21:28:38.199987,2
2873,21:29:37.605928,2
2874,21:30:35.858355,2
