id,arr_time,board_from
2872,21:29:09.822228,2
2873,21:30:08.074655,2
