id,arr_time,board_from
2867,21:28:24.903617,2
2868,21:29:23.156044,2
2869,21:30:22.561985,2
