id,arr_time,board_from
2872,21:27:51.584075,2
2873,21:28:49.276383,2
2874,21:29:49.882444,2
2875,21:30:51.106934,2
3575,21:31:06.326598,3
7881,22:12:10.952382,9
