id,arr_time,board_from
2859,21:27:33.113548,2
2860,21:28:30.805856,2
2861,21:29:27.948713,2
2862,21:30:30.448713,2
7844,21:53:24.761904,9
