id,arr_time,board_from
2868,21:29:27.447149,2
2869,21:30:26.270678,2
