id,arr_time,board_from
2869,21:26:38.123676,2
2870,21:27:40.623676,2
2871,21:28:43.781571,2
2872,21:29:46.281571,2
2873,21:30:43.424428,2
3566,21:30:51.091168,3
