id,arr_time,board_from
2865,21:26:21.756242,2
2866,21:27:23.611912,2
2867,21:28:21.304220,2
2868,21:29:20.127749,2
2869,21:30:18.380176,2
3560,21:30:01.982740,3
