id,arr_time,board_from
2871,21:28:15.835710,2
2872,21:29:17.691380,2
2873,21:30:16.514909,2
7866,21:53:39.047620,9
