id,arr_time,board_from
2866,21:26:21.566061,2
2867,21:27:21.566061,2
2868,21:28:22.790551,2
2869,21:29:25.290551,2
2870,21:30:27.146221,2
3562,21:30:40.758316,3
