id,arr_time,board_from
2870,21:26:36.732908,2
2871,21:27:36.138849,2
2872,21:28:33.831157,2
2873,21:29:33.831157,2
2874,21:30:31.523465,2
3574,21:30:47.196483,3
