id,arr_time,board_from
2867,21:27:00.646997,2
2868,21:28:02.502667,2
2869,21:29:00.755094,2
2870,21:30:03.255094,2
3563,21:31:04.620009,3
7837,22:16:04.285715,9
