id,arr_time,board_from
2871,21:27:17.074735,2
2872,21:28:17.680796,2
2873,21:29:18.286857,2
2874,21:30:18.892918,2
3568,21:30:13.063509,3
7864,22:03:10.476192,9
